id,name,title,address, city, country
1,Alejandro Rosalez,Senior Financial Analyst,123 Any Street, Any Town, USA
2,John Stiles,Marketing Assistant,3234 Any Street, Any Town, USA
3,Ana Carolina Silva,Health Coach I,76 Any Street, Any Town, USA
4,Nikki Wolf,Safety Technician IV,1245 Any Street, Any Town, USA
5,Paulo Santos,Assistant Professor,853 Any Street, Any Town, USA
6,Kwesi Manu,Staff Accountant I,542 Any Street, Any Town, USA
7,Richard Roe,Environmental Specialist,184 Any Street, Any Town, USA
8,Zhang Wei,Legal Assistant,907 Any Street, Any Town, USA
9,Marcia Oliveira,Budget/Accounting Analyst IV,765 Any Street, Any Town, USA
10,Jorge Souza,Software Test Engineer I,1654 Any Street, Any Town, USA